"<ID|readonly|noverify>";"<English>";"<French>";"<Italian>";"<German>";"<Spanish>";"<Russian>";"<Polish>";"<Czech>";"<Turkish>";"<Chinese>";"<Japanese>";"<Portuguese>";"<Ukrainian>";"<Serbian>";"<Hungarian>";"<Korean>";"<Belarusian>";"<Romanian>";"<TChinese>";"<HChinese>";"<Vietnamese>";"<Comments>";"<max_chars>"
"activityFeed/purchase_unit";"{player} has purchased a {unitName} of rank {rank} ({country}).";"{player} a acheté {unitName} de {rank} rang ({country}).";"{player} ha acquistato {unitName} di rango {rank} ({country}).";"{player} erwarb {unitName} des Rangs {rank} ({country}).";"{player} ha comprado {unitName} de rango {rank} ({country}).";"{player} приобрёл {unitName}, {rank} ранга ({country}).";"{player} kupił {unitName} z {rank} ery ({country}).";"{player} koupil {unitName} {rank}. úrovně ({country})";"{player} seviye {rank} olan {unitName} satın aldı ({country}).";"{player} 已​购​入 {country} 的 {rank} 级​载​具 {unitName}。";"{player}は、\t{country}の{unitName}を\t購入しました（ランク{rank}）。";"{player} adquiriu {unitName} da patente {rank} ({country}).";"{player} здобув {unitName} {rank} рангу ({country}).";"{player} je kupio {unitName} ranga {rank} ({country}).";"{player} megvásárolta a(z) {unitName} {rank}. rangú járművet ({country}).";"{player} 이(가) {country}의 {rank}랭크 장비인 {unitName} 을(를) 구입했습니다.";"{player} купіў {unitName} {rank} рангу ({country}).";"{player} a achiziționat {unitName} de rang {rank} ({country}).";"{player} 已​購​入​{country} 的 {rank} 階​載​具 {unitName}";"{player} 已​购​入​{country}​的 {rank} 级​载​具 {unitName}";"{player} đã mua {unitName} thuộc cấp độ {rank} ({country}).";"don't translate content of {}";
"activityFeed/purchase_unit/condensed";"{player} has purchased {count} vehicles.";"{player} a acheté {count} véhicules.";"{player} ha acquistato {count} unità.";"{player} hat {count} unterschiedliche Fahrzeuge erworben.";"{player} ha comprado {count} vehículos.";"{player} приобрёл {count} единиц техники.";"{player} kupił {count} jednostek tego typu.";"{player} koupil {count} strojů";"{player} {count} tane araç satın aldı.";"{player} 已​购​买​了 {count} 台​载​具。";"{player}は{count}つの\tユニットを\t購入しています。";"{player} adquiriu {count} unidade(s) de veículos.";"{player} придбав {count} одиниць техніки.";"{player} je kupio {count} jedinica vozila.";"{player} megvásárolt {count} járművet.";"{player} 이(가) {count}대의 장비를 구입했습니다.";"{player} купіў {count} адзінак тэхнікі.";"{player} a achiziționat {count} vehicule.";"{player} 已​經​購​買 {count} 台​載​具";"{player} 已​购​买​了 {count} 台​载​具";"{player} đã mua {count} phương tiện.";"don't translate content of {}";
"activityFeed/win_session";"{player} has won a battle.";"{player} a remporté une bataille";"{player} ha vinto la battaglia.";"{player} hat eine Schlacht gewonnen";"{player}  ha ganado una batalla.";"{player} выиграл битву";"{player} zwyciężył";"{player} vyhrál bitvu";"{player} bir savaşı kazandı";"{player} 取​得​了​一​场​胜​利。";"{player}は\t戦闘に\t勝利しました。";"{player} ganhou uma batalha";"{player} виграв битву";"{player} je pobedio u bici";"{player} győzelmet aratott egy csatában.";"{player} 이(가) 전투에서 승리했습니다!";"{player} выйграў бітву";"{player} a câștigat o bătălie";"{player} 獲​得​勝​利";"{player} 获​胜​一​场";"{player} đã thắng 1 trận chiến";"don't translate content of {}";
"activityFeed/win_session/condensed";"{player} has won {count} battles.";"{player} a remporté {count} batailles ";"{player} ha vinto {count} battaglie.";"{player} hat {count} Schlachten gewonnen";"{player} ha ganado {count} batallas.";"{player} выиграл {count} битв.";"{player} zwyciężył {count} razy";"{player} vyhrál {count} bitev";"{player} {count} tane savaş kazandı.";"{player} 取​得​了 {count} 场​胜​利。";"{player}は{count}回の\t戦闘に\t勝利しました。";"{player} ganhou {count} batalhas";"{player} виграв {count} битв";"{player} je pobedio u {count} bitaka";"{player} győzelmet aratott {count} csatában.";"{player} 이(가) {count}회의 전투에서 승리했습니다!";"{player} перамог у {count} баях.";"{player} a câștigat {count} bătălii";"{player} 已​獲​得 {count} 場​勝​利";"{player} 已​获​胜 {count} 场";"{player} đã thắng {count} trận chiến";"don't translate content of {}";
"activityFeed/win_session_after_update";"{player} won the first battle in update {version}";"{player} a gagné la première bataille dans la mise à jour {version}";"{player} ha vinto la prima battaglia nell'aggiornamento {version}";"{player} gewann die erste Schlacht in Update {version}";"{player} ha ganado la primera batalla en la actualización {version}";"{player} одержал первую победу в обновлении {version}";"{player} wygrał pierwszą bitwę po aktualizacji {version}";"{player} vyhrál první bitvu v aktualizaci {version}";"{player} {version} güncellemesinde ilk savaşını kazandı";"{player} 已​在 {version} 版​本​中​取​得​了​一​场​胜​利。";"{player} は\tアップデート{version} にて\t戦闘\t1回目の\t勝利を\t収めました。";"{player} venceu a primeira batalha na atualização {version}";"{player} здобув першу перемогу в оновленні {version}";"{player} pobeđuje u prvoj bici apdejta {version}";"{player} megszerezte első győzelmét a(z) {version} verziószámú frissítésben.";"플레이어 {player} 이 업데이트 {version} 에서 첫 승리를 달성했습니다!";"{player} упершыню перамог у абнаўленні {version}";"{player} a câștigat prima bătălie în versiunea {version}";"{player} 在 {version}​更​新​後​贏​得​了​第​一​場​戰​鬥​勝​利";"{player} 在 {version}​更​新​后​贏​得​了​第​一​場​战​斗​的​胜​利";"{player} đã chiến thắng trận đầu tiên ở bản cập nhật {version}";"don't translate content of {}";
"activityFeed/win_session_after_update/condensed";"{player} won {count} battles in update {version}";"{player} a gagné {count} batailles dans la mise à jour {version}";"{player} ha vinto {count} battaglie nell'aggiornamento {version}";"{player} siegte in {count} Schlachten im Verlauf des Updates {version}";"{player} ha ganado {count} batallas en la actualización {version}";"{player} одержал {count} побед в обновлении {version}";"{player} wygrał {count} bitew po aktualizacji {version}";"{player} vyhrál {count} bitev v aktualizaci update {version}";"{player} {version} güncellemesinde {count} tane savaş kazandı";"{player} 已​在 {version} 版​本​中​取​得​了 {count} 场​胜​利。";"{player} は\tアップデート{version} にて{count} 回目の\t戦闘勝利を\t収めました。";"{player} venceu {count} batalhas na atualização {version}";"{player} виграв {count} битв в оновленні {version}";"{player} je pobedio u {count} bitaka apdejta {version}";"{player} megnyert {count} csatát a(z) {version} verziószámú frissítésben.";"플레이어 {player} 이 업데이트 {version} 에서 {count} 회 승리를 달성했습니다.";"{player} перамог {count} разоў у абнаўленні {version}";"{player} a câștigat {count} bătălii în versiunea {version}";"{player} 在 {version}​更​新​後​贏​得 {count} 場​戰​鬥​勝​利";"{player} 在 {version}​更​新​后​赢​得​了 {count} 场​战​斗​的​胜​率";"{player} đã chiến thắng {count} trận trong phiên bản {version}";"don't translate content of {}";
"activityFeed/major_update";"War Thunder update {version} is live!";"La mise à jour {version} de War Thunder est en ligne!";"War Thunder, aggiornamento {version} rilasciato!";"War Thunder Update {version} veröffentlicht!";"¡La actualización {version} de War Thunder ya está disponible!";"Вышло обновление War Thunder {version}!";"Dostępna aktualizacja War Thunder {version}!";"Aktualizace War Thunderu {version} je vydaná";"War Thunder {version} güncellemesi yayınlandı!";"War Thunder {version} 版​本​已​上​线！";"『War Thunder』\tアップデート {version} は\t公開中です！";"A atualização do War Thunder {version} está disponível!";"Оновлення War Thunder {version} актуальне!";"Ažuriranje {version} War Thunder-a je u lajvu!";"Megjelent a War Thunder {version} verziószámú frissítése!";"워 썬더 {version} 업데이트가 드디어 출시되었습니다!";"Выйшла абнаўленне War Thunder {version}!";"Actualizarea War Thunder {version} este disponibilă!";"戰​爭​雷​霆 {version} 更​新​已​經​上​線！";"战​争​雷​霆 {version} 更​新​完​成！";"War Thunder phiên bản {version} đã được cập nhật";"don't translate content of {}";
"activityFeed/major_update/condensed";"War Thunder update {version} is live!";"La mise à jour {version} de War Thunder est en ligne!";"War Thunder, aggiornamento {version} rilasciato!";"War Thunder Update {version} veröffentlicht!";"¡La actualización {version} de War Thunder ya está disponible!";"Вышло обновление War Thunder {version}!";"Dostępna aktualizacja War Thunder {version}!";"Aktualizace War Thunderu {version} je vydaná";"War Thunder {version} güncellemesi yayınlandı!";"War Thunder {version} 版​本​已​上​线！";"『War Thunder』\tアップデート {version} は\t公開中です！";"A atualização do War Thunder {version} está disponível!";"Оновлення War Thunder {version} актуальне!";"Ažuriranje {version} War Thunder-a je u lajvu!";"Megjelent a War Thunder {version} verziószámú frissítése!";"워 썬더 {version} 업데이트가 드디어 출시되었습니다!";"Выйшла абнаўленне War Thunder {version}!";"Actualizarea War Thunder {version} este disponibilă!";"戰​爭​雷​霆 {version} 更​新​已​經​上​線！";"战​争​雷​霆 {version} 更​新​完​成！";"War Thunder phiên bản {version} đã được cập nhật. ";"don't translate content of {}";
"activityFeed/clan_duel_reward";"{player} has earned {gold} Golden Eagles and is in {place} place among other squadron members.";"{player} a gagné {gold} et se positionne en rang {place} parmi les autres membres de l'escadron";"{player} ha guadagnato {gold} Aquile Dorate ed è al {place} posto tra i membri della squadriglia.";"{player} hat {gold} Golden Eagles verdient und ist auf Platz {place} unter den übrigen Mitgliedern der Kampfgruppe";"{player} ha ganado {gold} Águilas de Oro y ocupa el {place} entre los demás miembros del escuadrón.";"{player} заработал {gold} Золотых орлов и занимает {place} место среди своих однополчан";"{player} zdobył {gold} Złotych Orłów oraz zajmuje {place} miejsce na tle reszty członków dywizjonu";"{player} získal {gold} GE a je na {place} místě mezi ostatními hráči svazu";"{player} {gold} Altın Kartal kazandı ve filonun diğer üyeleri arasında {place}. sırada.";"{player} 获​得​了 {gold} 金​鹰，​目​前​在​联​队​中​排​名​第 {place} 名。";"{player}は{gold}イーグルを\t獲得し{place}分隊\tメンバーに\t分配される。";"{player} ganhou {gold} Golden Eagles e está no {place} lugar entre os membros do esquadrão";"{player} заробив {gold} Золотих орлів та займає {place} місце серед гравців полку";"{player} je zaradio {gold} Zlatnih Orlova i na {place} je mestu među ostalim članovima eskadrile";"{player} a századában elért {place}. helyezésért {gold} Arany Sas jutalomban részesültél.";"{player} 이(가) 같은 비행대원 중 {place}위를 기록하여 {gold}골든 이글 를 획득했습니다!";"{player} зарабіў {gold} Залатых арлоў і займае {place} месца сярод сваіх аднапалчан";"{player} a câștigat {gold} vulturi și este pe locul {place} a membrilor companiei";"{player} 獲​得​了 {gold} 金​鷹​幣，​目​前​在​聯​隊​中​排​名​第 {place}";"{player} 获​得​了 {gold} 金​鹰，​目​前​在​联​队​中​排​名​第 {place}";"{player} nhận được {gold} Golden Eagles và đạt vị trí {place} trong số các thành viên khác của quân đoàn.";"don't translate content of {}";
"activityFeed/researched_unit";"{player} has researched the {unitName} of rank {rank} ({country}).";"{player} a recherché {unitName} de {rank} rang ({country}).";"{player} ha ricercato {unitName} di rango {rank} ({country}).";"{player} hat {unitName} des Rangs {rank} ({country}) erforscht.";"{player} ha investigado {unitName} de rango {rank} ({country}).";"{player} изучил {unitName}, {rank} ранга ({country}).";"{player} odkrył {unitName} z {rank} ery ({country}).";"{player} vyzkoumal {unitName} {rank}. úrovně ({country})";"{player} seviye {rank} {unitName}({country}) araştırmasını tamamladı.";"{player} 已​成​功​研​发​出 {country} 的 {rank} 级​载​具 {unitName}。";"{player}は\tランク{rank}の{unitName}({country})を\t開発しました。";"{player} pesquisou {unitName} do nível {rank} ({country}).";"{player} дослідив {unitName} {rank} рангу ({country}).";"{player} je otkučao {unitName} {rank} era ({country}).";"{player} kifejlesztette a(z) {unitName} {rank}. rangú járművet ({country}).";"{player} 이(가) {country} {rank}랭크 {unitName}을(를) 연구완료했습니다.";"{player} даследаваў {unitName} {rank} рангу ({country}).";"{player} a cercetat {unitName} de rang {rank} ({country}).";"{player} 已​成​功​研​發​出​{country} 的 {rank} 階​載​具 {unitName}。";"{player} 已​成​功​研​发​出​{country}​的 {rank} 级​载​具 {unitName}。";"{player} đã nghiên cứu {unitName} cấp độ {rank} quốc gia ({country}).";"don't translate content of {}";
"activityFeed/researched_unit/condensed";"{player} has researched {count} vehicles.";"{player} a recherché {count} véhicules.";"{player} ha ricercato {count} unità.";"{player} hat {count} Fahrzeuge erforscht.";"{player} ha investigado {count} vehículos.";"{player} изучил {count} единиц техники.";"{player} odkrył {count} jednostek(-ki).";"{player} vyzkoumal {count} strojů";"{player} {count} tane araç araştırdı.";"{player} 已​总​共​研​发​出 {count} 台​载​具。";"{player}は{count}機/台の\t機体を\t開発しました。";"{player} pesquisou {count} veículos.";"{player} дослідив {count} одиниць техніки.";"{player} je otključao {count} jedinica vozila.";"{player} kifejlesztett {count} járművet.";"{player} 이(가) {count}대의 장비를 연구완료했습니다.";"{player} даследаваў {count} адзінак тэхнікі.";"{player} a cercetat {count} unități de vehicule.";"{player} 總​計​研​發​了 {count} 台​載​具";"{player} 已​总​共​研​发​出 {count} 台​载​具。";"{player} đã nghiên cứu {count} phương tiện.";"don't translate content of {}";
"country_britain";"Great Britain";"Grande-Bretagne";"Gran Bretagna";"Großbritannien";"Gran Bretaña";"Британия";"Wielka Brytania";"Velká Británie";"Britanya";"英​国";"イギリス";"Grã-Bretanha";"Британія";"Velika Britanija";"Nagy-Britannia";"영국";"В. Брытанія";"Marea Britanie";"英​國";"E​系";"Anh Quốc";;
"country_china";"China";"Chine";"Cina";"China";"China";"Китай";"Chiny";"Čína";"Çin";"中​国";"中国";"China";"Китай";"Kina";"Kína";"중국";"Кітай";"China";"中​國";"C​系";"Trung Quốc";;
"country_germany";"Germany";"Allemagne";"Germania";"Deutschland";"Alemania";"Германия";"Niemcy";"Německo";"Almanya";"德​国";"ドイツ";"Alemanha";"Німеччина";"Nemačka";"Németország";"독일";"Нямеччына";"Germania";"德​國";"D​系";"Đức";;
"country_japan";"Japan";"Japon";"Giappone";"Japan";"Japón";"Япония";"Japonia";"Japonsko";"Japonya";"日​本";"日本";"Japão";"Японія";"Japan";"Japán";"일본";"Японія";"Japonia";"日​本";"R​系";"Nhật Bản";;
"country_usa";"USA";"USA";"USA";"USA";"EEUU";"США";"USA";"USA";"ABD";"美​国";"アメリカ";"EUA";"США";"SAD";"USA";"미국";"ЗША";"SUA";"美​國";"A​系";"Hoa Kỳ";;
"country_ussr";"USSR";"URSS";"URSS";"Sowjetunion";"URSS";"СССР";"ZSRR";"SSSR";"SSCB";"苏​联";"ソビエト\t連邦";"URSS";"СРСР";"SSSR";"Szovjetunió";"소련";"СССР";"URSS";"蘇​聯";"S​系";"Liên Xô";;
"country_sweden";"Sweden";"Suède";"Svezia";"Schweden";"Suecia";"Швеция";"Szwecja";"Švédsko";"İsveç";"瑞​典";"スウェーデン";"Suécia";"Швеція";"Švedska";"Svédország";"스웨덴";"Швецыя";"Sweden";"瑞​典";"SW​系";"Thụy Điển";;
"country_egypt";"Egypt";"Égypte";"Egitto";"Ägypten";"Egipto";"Египет";"Egipt";"Egypt";"Mısır";"埃​及";"エジプト";"Egito";"Єгипет";"Egipat";"Egyiptom";"이집트";"Егіпет";"Egypt";"埃​及";"  ";"Ai Cập";;
"country_israel";"Israel";"Israël";"Israele";"Israel";"Israel";"Израиль";"Izrael";"Izrael";"İsrail";"以​色​列";"イスラエル";"Israel";"Ізраїль";"Izrael";"Izrael";"이스라엘";"Ізраіль";"Israel";"以​色​列";"  ";"Israel";;
"country_britain/short";"GB";"GB";"GB";"GB";"GB";"GB";"GB";"GB";"GB";"英";"イギリス";"GB";"GB";"GB";"GB";"영";"GB";"MB";"英";"E​系";"GB";;
"country_china/short";"CN";"CN";"CN";"CN";"CN";"CN";"CN";"CN";"CN";"中";"中国";"CN";"CN";"CN";"CN";"중";"CN";"CN";"中";"C​系";"CN";;
"country_germany/short";"DE";"DE";"GER";"DE";"DE";"DE";"DE";"DE";"DE";"德";"ドイツ";"AL";"DE";"DE";"DE";"독";"DE";"GE";"德";"D​系";"DE";;
"country_japan/short";"JP";"JP";"JP";"JP";"JP";"JP";"JP";"JP";"JP";"日";"日本";"JP";"JP";"JP";"JP";"일";"JP";"JP";"日";"R​系";"JP";;
"country_usa/short";"US";"US";"US";"US";"US";"US";"US";"US";"US";"美";"アメリカ";"EUA";"US";"US";"US";"미";"US";"SU";"美";"A​系";"US";;
"country_ussr/short";"SU";"SU";"URSS";"SU";"SU";"SU";"SU";"SU";"SU";"苏";"ソ\t連";"RU";"SU";"SU";"SU";"소";"SU";"US";"蘇";"S​系";"SU";;
"country_italy/short";"IT";"IT";"IT";"IT";"IT";"IT";"IT";"IT";"IT";"意";"イタリア";"IT";"IT";"IT";"IT";"이태리";"IT";"IT";"義";"I​系";"IT";;
"country_france/short";"FR";"FR";"FR";"FR";"FR";"FR";"FR";"FR";"FR";"法";"フランス";"FR";"FR";"FR";"FR";"프";"FR";"FR";"法";"F​系";"FR";;
"country_sweden/short";"SE";"SE";"SE";"SE";"SE";"SE";"SE";"SE";"SE";"瑞";"スウェーデン";"SE";"SE";"SE";"SE";"스";"SE";"SE";"瑞";"T​系";"SE";;
"country_israel/short";"IL";"IL";"IL";"IL";"IL";"IL";"IL";"IL";"IL";"以";"イスラエル";"IS";"IL";"IL";"IL";"이스라엘";"IL";"IL";"以";"Y​系";"IL";;
"ps4/invitation/squad/name";"Squad Invitation";"Invitation à rejoindre l'escouade";"Invito al Plotone";"Staffel-Einladung";"Invitación de Escuadrón";"Приглашение в отряд";"Zaproszenie do oddziału";"Pozvánka do skupiny";"Manga Daveti";"组​队​邀​请";"分隊に\t招待";"Convite para Esquadrilha";"Запрошення до загону.";"Poziv u odred";"Meghívás osztagba.";"편대로 초대하기";"Запрашэнне ў атрад";"Invitație în detașament";"小​隊​邀​請";"组​队​邀​请";"Lời mời tổ đội";;
"ps4/invitation/squad/detail";"Invitation to a squad in War Thunder.";"Invitation à rejoindre l'escouade dans War Thunder.";"Invito al plotone in War Thunder.";"Du hast eine Einladung zu einer Staffel in War Thunder erhalten.";"Invitación a un escuadrón en War Thunder.";"Приглашение в отряд в War Thunder.";"Zaproszenie do oddziału w War Thunder.";"Pozvánka do skupiny ve War Thunderu";"Bir War Thunder mangasına davet.";"接​收​到 War Thunder 的​组​队​邀​请。";"War Thunder 分隊に\t招待します。";"Convite para Esquadrilha no War Thunder.";"Запрошення у загін в War Thunder.";"Poziv u odred u War Thunder-u.";"Meghívás osztagba a War Thunderben.";"워썬더 편대에 초대하기";"Запрашэнне ў атрад у War Thunder.";"Invitație în detașament în War Thunder.";"收​到​戰​爭​雷​霆​的​小​隊​邀​請";"收​到​战​争​雷​霆​小​队​的​组​队​邀​请";"Mời vào tổ đội trong War Thunder.";;
"ps4/invitation/gameStart/name";"Invitation to play War Thunder";"Invitation pour jouer à War Thunder";"Invito a giocare a War Thunder";"Einladung zu War Thunder";"Invitación para jugar a War Thunder";"Приглашение в War Thunder.";"Zaproszenie do gry w War Thunder";"Pozvánka do War Thunderu";"War Thunder oynamaya davet";"War thunder 的​游​戏​邀​请";"War Thunder への\t招待";"Convite para jogar War Thunder";"Запрошення до War Thunder";"Pozivnica u War Thunder";"Meghívás a War Thunderbe.";"워썬더 초대";"Запрашэнне ў гульню War Thunder.";"Invitație în Thunder War";"War thunder 的​遊​戲​邀​請";"收​到​游​戏​邀​请";"Mời bạn chơi cùng War Thunder";;
"ps4/invitation/gameStart/detail";"You have been invited to play War Thunder.";"Vous avez été invité à jouer à War Thunder.";"Sei stato invitato a giocare a War Thunder.";"Du wurdest zu War Thunder eingeladen.";"Te han invitado a jugar a War Thunder.";"Вас пригласили в War Thunder";"Otrzymałeś zaproszenie do War Thunder.";"Máš pozvánku ke hraní War Thunderu";"War Thunder oynamaya davet edildiniz.";"收​到 War Thunder 的​游​戏​邀​请";"War Thunder に\t招待されています。";"Você foi convidado para jogar War Thunder.";"Ви були запрошені до War Thunder.";"Pozvan si u War Thunder.";"Meghívtak a War Thunderbe.";"당신은 워썬더에 초대받으셨습니다.";"Вас запрасілі ў War Thunder";"Ai fost invitat în War Thunder.";"收​到​戰​爭​雷​霆​的​遊​戲​邀​請";"收​到《战​争​雷​霆​》​的​游​戏​邀​请";"Bạn đã được mời tham gia chơi War Thunder.";;
"ps4/session/squad";"My Squad.";"Mon escadron.";"Il mio Plotone";"Meine Staffel.";"Mi Escuadrón.";"Мой отряд.";"Mój Dywizjon.";"Má skupina";"Mangam";"我​的​小​队。";"所属部隊";"Meu esquadrão.";"Мій загін.";"Moj odred";"Osztagom.";"내 편대";"Мой звяз.";"Detașamentul meu.";"我​的​小​隊";"我​的​小​队。";"Tổ đội của tôi.";;
